Code,Brand,Category,Model,Output Power,Key Specs,Price (Toman)
JB01,JBL,Party Speaker,PARTYBOX ULTIMATE,1100W RMS,"Wi-Fi + Bluetooth, IPX4, Lightshow, DJ app","265,500,000 تومان"
JB02,JBL,Party Speaker,PARTYBOX 720,800W RMS,"Bluetooth 5.4, Battery 15h, IPX4, Auracast, Wheels","159,500,000 تومان"
JB03,JBL,Party Speaker,PARTYBOX 710,800W RMS,"AC Power (no battery), IPX4, Lightshow, Karaoke","117,500,000 تومان"
JB04,JBL,Party Speaker,PARTYBOX 520,400W RMS,"Bluetooth 5.4, Battery 15h, IPX4, XLR inputs","121,500,000 تومان"
JB05,JBL,Party Speaker,PARTYBOX 330 - Black,~240W,"Battery-powered party speaker, Lightshow","127,500,000 تومان"
JB06,JBL,Party Speaker,PARTYBOX 330 - White,~240W,"Battery-powered party speaker, Lightshow","141,500,000 تومان"
JB07,JBL,Party Speaker,PARTYBOX 320 - Black,~240W,"Bluetooth, Battery, Lightshow, Wheels","86,900,000 تومان"
JB08,JBL,Party Speaker,PARTYBOX 320 - White,~240W,"Bluetooth, Battery, Lightshow, Wheels","103,500,000 تومان"
JB09,JBL,Party Speaker,PARTYBOX 130 - Black,200W RMS,"Bluetooth 6.0, Battery 15h, IPX4, Auracast","85,500,000 تومان"
JB10,JBL,Party Speaker,PARTYBOX 130 - White,200W RMS,"Bluetooth 6.0, Battery 15h, IPX4, Auracast","95,500,000 تومان"
JB11,JBL,Party Speaker,PARTYBOX 120 - Black,~160W,"Battery 12h, Mic/Guitar inputs, Lightshow","68,500,000 تومان"
JB12,JBL,Party Speaker,PARTYBOX 120 - White,~160W,"Battery 12h, Mic/Guitar inputs, Lightshow","78,500,000 تومان"
JB13,JBL,Party Speaker,PARTYBOX 110,160W RMS,"Battery 12h, IPX4, Karaoke, Lightshow","57,500,000 تومان"
JB14,JBL,Party Speaker,PARTYBOX ENCORE ESSENTIAL 2,100W RMS,"Battery 15h, IPX4, Bluetooth 5.4, Auracast","61,500,000 تومان"
JB15,JBL,Party Speaker,PARTYBOX MIC,-,Wireless mic + dongle for PartyBox / karaoke,"26,500,000 تومان"
JB16,JBL,Accessory,PROTECTIVE COVER - ALL SIZES,-,Protective cover for PartyBox speakers,"6,500,000 تومان"
JB17,JBL,Portable Speaker,BOOMBOX 3 - Black,180W RMS (AC),"Battery 24h, IP67, Powerbank","69,500,000 تومان"
JB18,JBL,Portable Speaker,BOOMBOX 4 - Black,210W RMS (AC),"Battery 28h+, IP68, Auracast","96,500,000 تومان"
JB19,JBL,Portable Speaker,BOOMBOX 4 - Squad,210W RMS (AC),"Battery 28h+, IP68, Auracast","96,500,000 تومان"
JB20,JBL,Portable Speaker,BOOMBOX 4 - Blue,210W RMS (AC),"Battery 28h+, IP68, Auracast","96,500,000 تومان"
JB21,JBL,Portable Speaker,BOOMBOX 4 - White,210W RMS (AC),"Battery 28h+, IP68, Auracast","110,500,000 تومان"
JB22,JBL,Portable Speaker,XTREME 5 - Black,130W (AC) / 90W (Battery),"Battery 24h+, IP68, Shoulder strap","66,500,000 تومان"
JB23,JBL,Portable Speaker,CHARGE 6,45W RMS (30W+15W),"Battery 28h, IP68, Powerbank, Lossless USB-C","31,500,000 تومان"
JB24,JBL,Portable Speaker,CLIP 5,7W,"Battery 12h, IP67, Carabiner clip","10,900,000 تومان"
JB25,JBL,Portable Speaker,GO 5,4.8W,"Battery 8h+, IP67, Compact","10,900,000 تومان"
JB26,JBL,Headphones,TUNE 730BT,-,"Over-ear, Bluetooth 6.0, Battery 76h, Multipoint","10,500,000 تومان"
JB27,JBL,Headphones,TUNE 770NC,-,"Over-ear ANC, Battery 70h (ANC off) / 44h (ANC on)","23,500,000 تومان"
JB28,JBL,Soundbar,BAR 2.1 MK2,300W Max,"2.1ch, Wireless 6.5"" subwoofer, HDMI ARC","69,500,000 تومان"
JB29,JBL,Soundbar,BAR 500,590W Max,"5.1ch, Dolby Atmos, Wireless 10"" subwoofer","139,500,000 تومان"
JB30,JBL,Soundbar,BAR 500 MK2,750W Max (375W RMS),"5.1ch, Dolby Atmos + DTS Virtual:X, 10"" sub","115,500,000 تومان"
JB31,JBL,Soundbar,BAR 800 MK2,-,"5.1.2ch, Dolby Atmos, Wireless sub + rear speakers","165,500,000 تومان"
HK01,Harman Kardon,Home Speaker,SOUNDSTICKS 5 - White,-,"2.1ch iconic design, Bluetooth","83,500,000 تومان"
HK02,Harman Kardon,Home Speaker,AURA STUDIO 5 - Black (EU),160W RMS (2x20W+1x20W+100W sub),"360° ambient light, Bluetooth","58,500,000 تومان"
HK03,Harman Kardon,Home Speaker,AURA STUDIO 4 - Black (EU),80W RMS (2x15W+50W sub),"360° light, Bluetooth","53,500,000 تومان"
HK04,Harman Kardon,Home Speaker,ONYX STUDIO 9 - Grey,50W RMS,"Bluetooth 5.3, Battery 8h, USB charge-out","42,500,000 تومان"
HK05,Harman Kardon,Home Speaker,ONYX STUDIO 9 - Black,50W RMS,"Bluetooth 5.3, Battery 8h, USB charge-out","42,500,000 تومان"
SO01,Sony,Party Speaker,ULT900 (ULT TOWER 9),-,"ULT Bass modes, 25h battery, Party Connect, Karaoke","155,500,000 تومان"
SO02,Sony,Party Speaker,XV900 (SRS-XV900),-,"Omnidirectional sound, 25h battery, Party Connect","135,500,000 تومان"
SO03,Sony,Party Speaker,XP700 (SRS-XP700),-,"X-Balanced speakers, IPX4, Party Connect","88,500,000 تومان"
SO04,Sony,Party Speaker,XP500 (SRS-XP500),-,"X-Balanced speakers, IPX4, Party Connect","78,500,000 تومان"
HO01,Hopestar,Party Speaker,PARTY 500,~100W,"Bluetooth, LED lights, Battery powered","27,500,000 تومان"
HO02,Hopestar,Party Speaker,H90,~580W (claimed),"3-way 6-speaker, Bluetooth, Party lights","33,500,000 تومان"
